datetime,host,src,proto,type,spt,dpt,srcstr,country,locale,latitude,longitude
3/8/13 1:11,groucho-tokyo,1398184219,TCP,,2065,23,83.86.153.27,Netherlands,South Holland,52.1763,4.5282
3/8/13 1:12,groucho-tokyo,1393252776,TCP,,4667,23,83.11.89.168,Poland,Kujawsko-Pomorskie,52.5931,19.0894
3/8/13 1:14,groucho-sa,3662430566,ICMP,8,,,218.76.65.102,China,Hunan,28.1792,113.1136
3/8/13 1:14,groucho-sa,3662430566,ICMP,8,,,218.76.65.102,China,Hunan,28.1792,113.1136
3/8/13 1:16,groucho-tokyo,411470328,TCP,,3422,23,24.134.137.248,Germany,Lower Saxony,53.5568,8.1266
3/8/13 1:16,groucho-oregon,1965684442,TCP,,63083,1433,117.41.246.218,China,Jiangxi Sheng,28.55,115.9333
3/8/13 1:17,groucho-tokyo,3740374668,TCP,,63727,1433,222.241.150.140,China,Hunan,28.1792,113.1136
3/8/13 1:18,groucho-tokyo,1033070475,TCP,,6000,1433,61.147.103.139,China,Jiangsu Sheng,32.0617,118.7778
3/8/13 1:19,groucho-tokyo,1598862399,TCP,,3221,445,95.76.180.63,Romania,Judetul Buzau,45.15,26.8333
3/8/13 1:20,groucho-tokyo,1598862399,TCP,,3221,445,95.76.180.63,Romania,Judetul Buzau,45.15,26.8333
3/8/13 1:20,groucho-tokyo,1017974347,TCP,,6000,8080,60.173.14.75,China,Anhui Sheng,31.8639,117.2808
3/8/13 1:21,groucho-eu,2008579082,ICMP,8,,,119.184.124.10,China,Shandong Sheng,36.6683,116.9972
3/8/13 1:21,groucho-eu,2008579082,ICMP,8,,,119.184.124.10,China,Shandong Sheng,36.6683,116.9972
3/8/13 1:21,groucho-singapore,3550209755,TCP,,58799,22,211.155.230.219,China,Beijing Shi,39.9289,116.3883
3/8/13 1:21,groucho-us-east,1490075809,TCP,,53480,80,88.208.192.161,United Kingdom,Gloucestershire,51.8333,-2.25
3/8/13 1:21,groucho-us-east,1490075809,TCP,,53480,80,88.208.192.161,United Kingdom,Gloucestershire,51.8333,-2.25
3/8/13 1:21,groucho-us-east,1490075809,TCP,,53480,80,88.208.192.161,United Kingdom,Gloucestershire,51.8333,-2.25
3/8/13 1:22,groucho-sa,3425533452,ICMP,3,,,204.45.126.12,United States,Colorado,39.7525,-104.9995
3/8/13 1:23,groucho-tokyo,3290839612,TCP,,34271,3389,196.38.58.60,South Africa,,-29,24
3/8/13 1:23,groucho-tokyo,3290839612,TCP,,34272,3389,196.38.58.60,South Africa,,-29,24
3/8/13 1:24,groucho-tokyo,2080814427,UDP,,27534,33357,124.6.181.91,Philippines,Province of Batangas,13.7567,121.0584
3/8/13 1:27,groucho-oregon,3736745024,TCP,,6000,1433,222.186.52.64,China,Jiangsu Sheng,32.0617,118.7778
3/8/13 1:27,groucho-us-east,387368894,TCP,,58376,80,23.22.199.190,United States,Virginia,39.0437,-77.4875
3/8/13 1:27,groucho-us-east,387368894,TCP,,58376,80,23.22.199.190,United States,Virginia,39.0437,-77.4875
3/8/13 1:27,groucho-us-east,387368894,TCP,,58376,80,23.22.199.190,United States,Virginia,39.0437,-77.4875
3/8/13 1:29,groucho-singapore,1033070453,TCP,,6000,1433,61.147.103.117,China,Jiangsu Sheng,32.0617,118.7778
3/8/13 1:30,groucho-tokyo,2905439638,TCP,,1992,445,173.45.125.150,United States,Ohio,40.0842,-82.9378
3/8/13 1:30,groucho-tokyo,2905439638,TCP,,1992,445,173.45.125.150,United States,Ohio,40.0842,-82.9378
3/8/13 1:30,groucho-singapore,1917896806,TCP,,6000,1433,114.80.200.102,China,Shanghai Shi,31.0456,121.3997
3/8/13 1:32,groucho-oregon,3736745005,TCP,,6000,1433,222.186.52.45,China,Jiangsu Sheng,32.0617,118.7778
3/8/13 1:32,groucho-oregon,1991918662,TCP,,6000,1433,118.186.68.70,China,Beijing Shi,39.9289,116.3883
3/8/13 1:33,groucho-oregon,3689613419,TCP,,6000,1433,219.235.8.107,China,Beijing Shi,39.9289,116.3883
3/8/13 1:35,groucho-oregon,2918349146,TCP,,6000,1433,173.242.121.90,United States,Pennsylvania,41.4486,-75.728
3/8/13 1:37,groucho-tokyo,618718866,TCP,,3594,445,36.224.230.146,Taiwan,Taipei,25.0392,121.525
3/8/13 1:37,groucho-tokyo,618718866,TCP,,3594,445,36.224.230.146,Taiwan,Taipei,25.0392,121.525
3/8/13 1:37,groucho-singapore,3702892698,TCP,,6000,1433,220.181.168.154,China,Beijing Shi,39.9289,116.3883
3/8/13 1:38,groucho-oregon,1965680004,TCP,,24839,1433,117.41.229.132,China,Jiangxi Sheng,28.55,115.9333
3/8/13 1:41,groucho-us-east,1680561056,TCP,,10901,80,100.43.83.160,United States,California,37.4135,-122.1312
3/8/13 1:41,groucho-us-east,1680561056,TCP,,10901,80,100.43.83.160,United States,California,37.4135,-122.1312
3/8/13 1:44,groucho-eu,3715777223,TCP,,39467,8080,221.122.66.199,China,,35,105
3/8/13 1:46,groucho-sa,988182106,TCP,,14832,3389,58.230.118.90,South Korea,Seoul,37.5985,126.9783
3/8/13 1:46,groucho-oregon,1995703357,TCP,,6000,3306,118.244.4.61,China,Beijing Shi,39.9289,116.3883
3/8/13 1:46,groucho-oregon,1995743143,TCP,,6000,1433,118.244.159.167,China,Beijing Shi,39.9289,116.3883
3/8/13 1:46,zeppo-norcal,988182106,TCP,,56312,3389,58.230.118.90,South Korea,Seoul,37.5985,126.9783
3/8/13 1:45,groucho-norcal,988182106,TCP,,27773,3389,58.230.118.90,South Korea,Seoul,37.5985,126.9783
3/8/13 1:47,groucho-oregon,1962924181,TCP,,6000,3306,116.255.216.149,China,Zhejiang Sheng,27.8456,120.4928
3/8/13 1:46,groucho-us-east,988182106,TCP,,17110,3389,58.230.118.90,South Korea,Seoul,37.5985,126.9783
3/8/13 1:47,groucho-singapore,1033070424,TCP,,6000,135,61.147.103.88,China,Jiangsu Sheng,32.0617,118.7778
3/8/13 1:47,groucho-eu,988182106,TCP,,17348,3389,58.230.118.90,South Korea,Seoul,37.5985,126.9783
3/8/13 1:47,groucho-singapore,1995742488,TCP,,6000,1433,118.244.157.24,China,Beijing Shi,39.9289,116.3883
3/8/13 1:48,groucho-sydney,988182106,TCP,,56029,3389,58.230.118.90,South Korea,Seoul,37.5985,126.9783
3/8/13 1:50,groucho-sa,1962924181,TCP,,6000,3306,116.255.216.149,China,Zhejiang Sheng,27.8456,120.4928
3/8/13 1:51,groucho-oregon,3350488989,TCP,,6000,1433,199.180.103.157,United States,California,37.3887,-122.0188
3/8/13 1:51,zeppo-norcal,1962924181,TCP,,6000,3306,116.255.216.149,China,Zhejiang Sheng,27.8456,120.4928
3/8/13 1:50,groucho-norcal,1962924181,TCP,,6000,3306,116.255.216.149,China,Zhejiang Sheng,27.8456,120.4928
3/8/13 1:51,groucho-singapore,3702893396,TCP,,6000,1433,220.181.171.84,China,Beijing Shi,39.9289,116.3883
3/8/13 1:52,groucho-us-east,1962924181,TCP,,6000,3306,116.255.216.149,China,Zhejiang Sheng,27.8456,120.4928
3/8/13 1:53,groucho-eu,1962924181,TCP,,6000,3306,116.255.216.149,China,Zhejiang Sheng,27.8456,120.4928
3/8/13 1:53,groucho-oregon,1032051418,TCP,,6000,1433,61.131.218.218,China,Jiangxi Sheng,28.55,115.9333
3/8/13 1:54,groucho-oregon,3351332501,TCP,,6000,1433,199.193.70.149,United States,California,37.567,-121.9829
3/8/13 1:55,groucho-sydney,1962924181,TCP,,6000,3306,116.255.216.149,China,Zhejiang Sheng,27.8456,120.4928
3/8/13 1:55,groucho-singapore,1034190370,TCP,,6000,3306,61.164.126.34,China,,35,105
3/8/13 1:57,groucho-oregon,1995736125,TCP,,6000,1433,118.244.132.61,China,Beijing Shi,39.9289,116.3883
3/8/13 2:01,groucho-singapore,2062790006,TCP,,41125,23,122.243.173.118,China,Zhejiang Sheng,29.1068,119.6442
3/8/13 2:01,groucho-tokyo,1915421697,TCP,,6000,6674,114.43.4.1,Taiwan,Taipei,25.0392,121.525
3/8/13 2:02,groucho-oregon,1987970010,TCP,,6000,1433,118.126.3.218,China,Shanghai Shi,31.0456,121.3997
3/8/13 2:02,groucho-oregon,3555695272,TCP,,10985,22,211.239.154.168,South Korea,,37.57,126.98
3/8/13 2:05,groucho-oregon,3663163145,TCP,,6000,4899,218.87.111.9,China,Jiangxi Sheng,28.55,115.9333
3/8/13 2:06,groucho-singapore,3402199065,TCP,,6000,1433,202.201.112.25,China,Ningxia Huizu Zizhiqu,38.4681,106.2731
3/8/13 2:08,groucho-singapore,1962924181,TCP,,6000,3306,116.255.216.149,China,Zhejiang Sheng,27.8456,120.4928
3/8/13 2:10,groucho-oregon,239066303,TCP,,36787,22,14.63.220.191,South Korea,,37.57,126.98
3/8/13 2:10,groucho-oregon,239066303,TCP,,36787,22,14.63.220.191,South Korea,,37.57,126.98
3/8/13 2:10,groucho-singapore,1033611323,TCP,,6000,3306,61.155.168.59,China,Jiangsu Sheng,32.0617,118.7778
3/8/13 2:11,groucho-tokyo,3138425181,TCP,,1179,445,187.16.145.93,Brazil,,-10,-55
3/8/13 2:11,groucho-tokyo,3138425181,TCP,,1179,445,187.16.145.93,Brazil,,-10,-55
3/8/13 2:13,groucho-oregon,3639988947,TCP,,6000,1433,216.245.210.211,United States,Texas,32.7791,-96.8028
3/8/13 2:15,zeppo-norcal,3639988947,TCP,,6000,1433,216.245.210.211,United States,Texas,32.7791,-96.8028
3/8/13 2:15,groucho-norcal,3639988947,TCP,,6000,1433,216.245.210.211,United States,Texas,32.7791,-96.8028
3/8/13 2:17,groucho-tokyo,3323217226,UDP,,9969,1900,198.20.69.74,United States,Illinois,41.8825,-87.6441
3/8/13 2:18,groucho-tokyo,1035942088,TCP,,6000,1433,61.191.56.200,China,Anhui Sheng,31.8639,117.2808
3/8/13 2:18,groucho-tokyo,1017974347,TCP,,6000,8080,60.173.14.75,China,Anhui Sheng,31.8639,117.2808
3/8/13 2:24,groucho-oregon,1896596178,TCP,,6000,1433,113.11.194.210,China,Beijing Shi,39.9289,116.3883
3/8/13 2:24,groucho-sa,3679238821,TCP,,19211,135,219.76.186.165,Hong Kong,,22.2833,114.15
3/8/13 2:24,groucho-sa,3679238821,TCP,,19211,135,219.76.186.165,Hong Kong,,22.2833,114.15
3/8/13 2:24,groucho-sa,3679238821,TCP,,19211,135,219.76.186.165,Hong Kong,,22.2833,114.15
3/8/13 2:27,groucho-tokyo,2027002106,TCP,,6000,3306,120.209.152.250,China,,35,105
3/8/13 2:27,groucho-us-east,1680561056,TCP,,30772,80,100.43.83.160,United States,California,37.4135,-122.1312
3/8/13 2:27,groucho-us-east,1680561056,TCP,,30772,80,100.43.83.160,United States,California,37.4135,-122.1312
3/8/13 2:30,groucho-tokyo,1032834922,TCP,,6000,8090,61.143.207.106,China,Guangdong,23.1167,113.25
3/8/13 2:31,groucho-singapore,2061828648,TCP,,59114,3389,122.229.2.40,China,Hunan,26.9689,109.7725
3/8/13 2:34,groucho-tokyo,1599664467,TCP,,2878,23,95.88.241.83,Germany,Rheinland-Pfalz,49.5372,8.355
3/8/13 2:33,groucho-singapore,3339938229,UDP,,5093,5062,199.19.105.181,United States,Pennsylvania,41.4486,-75.728
3/8/13 2:33,groucho-singapore,3339938229,UDP,,5093,5065,199.19.105.181,United States,Pennsylvania,41.4486,-75.728
3/8/13 2:33,groucho-singapore,3339938229,UDP,,5093,5067,199.19.105.181,United States,Pennsylvania,41.4486,-75.728
3/8/13 2:33,groucho-singapore,3339938229,UDP,,5093,5061,199.19.105.181,United States,Pennsylvania,41.4486,-75.728
3/8/13 2:33,groucho-singapore,3339938229,UDP,,5093,5063,199.19.105.181,United States,Pennsylvania,41.4486,-75.728
3/8/13 2:33,groucho-singapore,3339938229,UDP,,5093,5066,199.19.105.181,United States,Pennsylvania,41.4486,-75.728
3/8/13 2:33,groucho-singapore,3339938229,UDP,,5093,5070,199.19.105.181,United States,Pennsylvania,41.4486,-75.728
3/8/13 2:33,groucho-singapore,3339938229,UDP,,5093,5068,199.19.105.181,United States,Pennsylvania,41.4486,-75.728
3/8/13 2:33,groucho-singapore,3339938229,UDP,,5093,5064,199.19.105.181,United States,Pennsylvania,41.4486,-75.728
3/8/13 2:33,groucho-singapore,3339938229,UDP,,5093,5069,199.19.105.181,United States,Pennsylvania,41.4486,-75.728
3/8/13 2:33,groucho-singapore,3339938229,UDP,,5093,5072,199.19.105.181,United States,Pennsylvania,41.4486,-75.728
3/8/13 2:33,groucho-singapore,3339938229,UDP,,5093,5074,199.19.105.181,United States,Pennsylvania,41.4486,-75.728
3/8/13 2:33,groucho-singapore,3339938229,UDP,,5093,5076,199.19.105.181,United States,Pennsylvania,41.4486,-75.728
3/8/13 2:33,groucho-singapore,3339938229,UDP,,5093,5075,199.19.105.181,United States,Pennsylvania,41.4486,-75.728
3/8/13 2:33,groucho-singapore,3339938229,UDP,,5093,5071,199.19.105.181,United States,Pennsylvania,41.4486,-75.728
3/8/13 2:33,groucho-singapore,3339938229,UDP,,5093,5079,199.19.105.181,United States,Pennsylvania,41.4486,-75.728
3/8/13 2:33,groucho-singapore,3339938229,UDP,,5093,5077,199.19.105.181,United States,Pennsylvania,41.4486,-75.728
3/8/13 2:33,groucho-singapore,3339938229,UDP,,5093,5080,199.19.105.181,United States,Pennsylvania,41.4486,-75.728
3/8/13 2:33,groucho-singapore,3339938229,UDP,,5093,5081,199.19.105.181,United States,Pennsylvania,41.4486,-75.728
3/8/13 2:33,groucho-singapore,3339938229,UDP,,5093,5082,199.19.105.181,United States,Pennsylvania,41.4486,-75.728
3/8/13 2:33,groucho-singapore,3339938229,UDP,,5093,5073,199.19.105.181,United States,Pennsylvania,41.4486,-75.728
3/8/13 2:33,groucho-singapore,3339938229,UDP,,5093,5078,199.19.105.181,United States,Pennsylvania,41.4486,-75.728
3/8/13 2:33,groucho-singapore,3339938229,UDP,,5093,5086,199.19.105.181,United States,Pennsylvania,41.4486,-75.728
3/8/13 2:33,groucho-singapore,3339938229,UDP,,5093,5085,199.19.105.181,United States,Pennsylvania,41.4486,-75.728
3/8/13 2:33,groucho-singapore,3339938229,UDP,,5093,5087,199.19.105.181,United States,Pennsylvania,41.4486,-75.728
3/8/13 2:33,groucho-singapore,3339938229,UDP,,5093,5088,199.19.105.181,United States,Pennsylvania,41.4486,-75.728
3/8/13 2:33,groucho-singapore,3339938229,UDP,,5093,5083,199.19.105.181,United States,Pennsylvania,41.4486,-75.728
3/8/13 2:33,groucho-singapore,3339938229,UDP,,5093,5090,199.19.105.181,United States,Pennsylvania,41.4486,-75.728
3/8/13 2:33,groucho-singapore,3339938229,UDP,,5093,5084,199.19.105.181,United States,Pennsylvania,41.4486,-75.728
3/8/13 2:33,groucho-singapore,3339938229,UDP,,5093,5089,199.19.105.181,United States,Pennsylvania,41.4486,-75.728
3/8/13 2:35,groucho-tokyo,1311714319,TCP,,47243,22,78.47.44.15,Germany,,51,9
3/8/13 2:35,groucho-tokyo,1311714319,TCP,,47243,22,78.47.44.15,Germany,,51,9
3/8/13 2:36,groucho-oregon,1965684442,TCP,,27443,1433,117.41.246.218,China,Jiangxi Sheng,28.55,115.9333
3/8/13 2:35,groucho-norcal,1467344244,TCP,,42070,3389,87.117.229.116,United Kingdom,,51.5,-0.13
3/8/13 2:35,groucho-norcal,1467344244,TCP,,42071,3389,87.117.229.116,United Kingdom,,51.5,-0.13
3/8/13 2:37,groucho-norcal,3285958788,TCP,,20107,8080,195.219.192.132,,,47,8
3/8/13 2:40,groucho-oregon,3226135491,TCP,,6000,3389,192.74.235.195,United States,California,37.3887,-122.0188
3/8/13 2:40,groucho-oregon,1981466798,TCP,,6000,1433,118.26.200.174,China,Beijing Shi,39.9289,116.3883
3/8/13 2:40,groucho-singapore,3032095556,TCP,,6000,1433,180.186.27.68,China,Beijing Shi,39.9289,116.3883
3/8/13 2:41,zeppo-norcal,3285958788,TCP,,20107,8080,195.219.192.132,,,47,8
3/8/13 2:44,zeppo-norcal,3285958788,TCP,,20107,8080,195.219.192.132,,,47,8
3/8/13 2:50,groucho-tokyo,1035380760,TCP,,6000,1433,61.182.168.24,China,Hebei,36.5667,114.5333
3/8/13 2:50,groucho-oregon,3736735509,TCP,,6000,1433,222.186.15.21,China,Jiangsu Sheng,32.0617,118.7778
3/8/13 2:51,groucho-oregon,1032051418,TCP,,6000,1433,61.131.218.218,China,Jiangxi Sheng,28.55,115.9333
3/8/13 2:53,groucho-us-east,1020717513,TCP,,4935,3389,60.214.233.201,China,Shandong Sheng,36.6683,116.9972
3/8/13 2:53,groucho-tokyo,3232384969,TCP,,2820,445,192.170.71.201,United States,California,37.3762,-122.1826
3/8/13 2:55,groucho-oregon,710975181,TCP,,6000,1433,42.96.158.205,China,Beijing Shi,39.9289,116.3883
3/8/13 2:55,groucho-oregon,3736745024,TCP,,6000,1433,222.186.52.64,China,Jiangsu Sheng,32.0617,118.7778
3/8/13 2:55,groucho-us-east,2355108664,ICMP,0,,,140.96.27.56,Taiwan,,23.5,121
3/8/13 2:57,groucho-oregon,1965680004,TCP,,13460,1433,117.41.229.132,China,Jiangxi Sheng,28.55,115.9333
3/8/13 2:57,groucho-tokyo,2003569534,TCP,,6000,1433,119.108.11.126,China,Liaoning,41.7922,123.4328
3/8/13 2:58,groucho-us-east,1680561056,TCP,,32044,80,100.43.83.160,United States,California,37.4135,-122.1312
3/8/13 2:58,groucho-us-east,1680561056,TCP,,32044,80,100.43.83.160,United States,California,37.4135,-122.1312
3/8/13 2:59,groucho-sa,1995703357,TCP,,6000,3306,118.244.4.61,China,Beijing Shi,39.9289,116.3883
3/8/13 2:59,groucho-singapore,1867054121,TCP,,6000,1433,111.72.252.41,China,Jiangxi Sheng,28.55,115.9333
3/8/13 3:00,groucho-eu,2013200660,TCP,,8888,1433,119.255.1.20,China,Hebei,39.5097,116.6947
3/8/13 3:00,groucho-eu,2013200660,TCP,,8888,3306,119.255.1.20,China,Hebei,39.5097,116.6947
3/8/13 3:00,groucho-eu,2013200660,TCP,,8888,8090,119.255.1.20,China,Hebei,39.5097,116.6947
3/8/13 2:59,groucho-norcal,1995703357,TCP,,6000,3306,118.244.4.61,China,Beijing Shi,39.9289,116.3883
3/8/13 3:00,zeppo-norcal,1995703357,TCP,,6000,3306,118.244.4.61,China,Beijing Shi,39.9289,116.3883
3/8/13 3:00,groucho-tokyo,2061748720,TCP,,6000,3306,122.227.201.240,China,Zhejiang Sheng,30.2936,120.1614
3/8/13 3:00,groucho-us-east,1995703357,TCP,,6000,3306,118.244.4.61,China,Beijing Shi,39.9289,116.3883
3/8/13 3:01,groucho-tokyo,3075735211,UDP,,15541,33356,183.83.254.171,India,State of Andhra Pradesh,17.3753,78.4744
3/8/13 3:01,groucho-eu,1995703357,TCP,,6000,3306,118.244.4.61,China,Beijing Shi,39.9289,116.3883
3/8/13 3:01,groucho-singapore,712512401,TCP,,6000,1433,42.120.19.145,China,Zhejiang Sheng,30.2936,120.1614
3/8/13 3:02,groucho-oregon,710975181,TCP,,6000,1433,42.96.158.205,China,Beijing Shi,39.9289,116.3883
3/8/13 3:02,groucho-sydney,1995703357,TCP,,6000,3306,118.244.4.61,China,Beijing Shi,39.9289,116.3883
3/8/13 3:05,groucho-us-east,3239641543,TCP,,40619,23,193.25.1.199,Poland,Lesser Poland Voivodeship,50.0833,19.9167
3/8/13 3:06,zeppo-norcal,1559250072,TCP,,19558,80,92.240.68.152,Latvia,,57,25
3/8/13 3:06,zeppo-norcal,1559250072,TCP,,19558,80,92.240.68.152,Latvia,,57,25
3/8/13 3:06,groucho-norcal,1627302658,TCP,,50650,8080,96.254.171.2,United States,Florida,28.3031,-82.7048
3/8/13 3:06,groucho-norcal,1627302658,TCP,,50650,8080,96.254.171.2,United States,Florida,28.3031,-82.7048
3/8/13 3:08,groucho-us-east,3493887612,ICMP,3,,,208.64.126.124,United States,Delaware,39.7157,-75.5281
3/8/13 3:14,groucho-singapore,1867054121,TCP,,6000,1433,111.72.252.41,China,Jiangxi Sheng,28.55,115.9333
3/8/13 3:14,zeppo-norcal,3640303892,UDP,,12430,31522,216.250.161.20,United States,Minnesota,44.9843,-93.2654
3/8/13 3:14,zeppo-norcal,3640303892,UDP,,12430,31522,216.250.161.20,United States,Minnesota,44.9843,-93.2654
3/8/13 3:14,zeppo-norcal,3640303892,UDP,,12430,31522,216.250.161.20,United States,Minnesota,44.9843,-93.2654
3/8/13 3:14,zeppo-norcal,3640303892,UDP,,12430,31522,216.250.161.20,United States,Minnesota,44.9843,-93.2654
3/8/13 3:16,groucho-tokyo,1017974347,TCP,,6000,8080,60.173.14.75,China,Anhui Sheng,31.8639,117.2808
3/8/13 3:18,groucho-oregon,3736745005,TCP,,6000,1433,222.186.52.45,China,Jiangsu Sheng,32.0617,118.7778
3/8/13 3:18,groucho-us-east,1680561056,TCP,,33719,80,100.43.83.160,United States,California,37.4135,-122.1312
3/8/13 3:18,groucho-us-east,1680561056,TCP,,33719,80,100.43.83.160,United States,California,37.4135,-122.1312
3/8/13 3:21,groucho-oregon,1211601466,UDP,,5089,5060,72.55.146.58,Canada,Quebec,45.5,-73.5833
3/8/13 3:22,groucho-oregon,456585787,TCP,,6000,1433,27.54.242.59,China,,35,105
3/8/13 3:24,groucho-singapore,3091883745,TCP,,3862,445,184.74.102.225,United States,New York,42.8326,-77.3096
3/8/13 3:27,groucho-singapore,1034190370,TCP,,6000,3306,61.164.126.34,China,,35,105
3/8/13 3:28,groucho-tokyo,3752917366,TCP,,1183,445,223.176.249.118,India,State of Himachal Pradesh,33.0333,76.45
3/8/13 3:28,groucho-tokyo,3752917366,TCP,,1183,445,223.176.249.118,India,State of Himachal Pradesh,33.0333,76.45
3/8/13 3:31,groucho-oregon,3736295734,TCP,,13859,1433,222.179.89.54,China,Chongqing Shi,29.5628,106.5528
3/8/13 3:32,groucho-us-east,1680561056,TCP,,53353,80,100.43.83.160,United States,California,37.4135,-122.1312
3/8/13 3:32,groucho-us-east,1680561056,TCP,,53353,80,100.43.83.160,United States,California,37.4135,-122.1312
3/8/13 3:34,groucho-sydney,1384696722,TCP,,56893,445,82.136.203.146,Netherlands,,52.5,5.75
3/8/13 3:33,zeppo-norcal,3425533452,ICMP,3,,,204.45.126.12,United States,Colorado,39.7525,-104.9995
3/8/13 3:38,groucho-singapore,1017973901,TCP,,6000,1433,60.173.12.141,China,Anhui Sheng,31.8639,117.2808
3/8/13 3:40,groucho-oregon,710970212,TCP,,6000,1433,42.96.139.100,China,Beijing Shi,39.9289,116.3883
3/8/13 3:41,groucho-us-east,1680561056,TCP,,48578,80,100.43.83.160,United States,California,37.4135,-122.1312
3/8/13 3:41,groucho-us-east,1680561056,TCP,,48578,80,100.43.83.160,United States,California,37.4135,-122.1312
3/8/13 3:42,groucho-oregon,3231800325,TCP,,6000,3389,192.161.92.5,China,Jiangsu Sheng,32.4907,119.9081
3/8/13 3:43,groucho-singapore,3285958788,TCP,,20107,8080,195.219.192.132,,,47,8
3/8/13 3:44,groucho-sydney,414919688,TCP,,60526,3389,24.187.44.8,United States,New York,40.9919,-72.1989
3/8/13 3:44,groucho-sydney,414919688,TCP,,60526,3389,24.187.44.8,United States,New York,40.9919,-72.1989
3/8/13 3:44,groucho-sydney,414919688,TCP,,60526,3389,24.187.44.8,United States,New York,40.9919,-72.1989
3/8/13 3:45,groucho-oregon,3024879886,ICMP,8,,,180.76.1.14,China,Beijing Shi,39.9289,116.3883
3/8/13 3:45,groucho-oregon,3024879886,ICMP,8,,,180.76.1.14,China,Beijing Shi,39.9289,116.3883
3/8/13 3:45,groucho-oregon,3024879886,ICMP,8,,,180.76.1.14,China,Beijing Shi,39.9289,116.3883
3/8/13 3:45,groucho-oregon,3024879886,ICMP,8,,,180.76.1.14,China,Beijing Shi,39.9289,116.3883
3/8/13 3:46,groucho-oregon,1032051418,TCP,,6000,1433,61.131.218.218,China,Jiangxi Sheng,28.55,115.9333
3/8/13 3:48,groucho-oregon,3663582182,TCP,,6000,3306,218.93.211.230,China,Jiangsu Sheng,32.0617,118.7778
3/8/13 3:52,groucho-singapore,2904472205,TCP,,60856,23,173.30.186.141,United States,Missouri,37.1702,-93.3297
3/8/13 3:52,groucho-oregon,2918349146,TCP,,6000,1433,173.242.121.90,United States,Pennsylvania,41.4486,-75.728
3/8/13 3:52,groucho-norcal,3285958788,TCP,,20107,8080,195.219.192.132,,,47,8
3/8/13 3:54,groucho-us-east,1680561056,TCP,,63801,80,100.43.83.160,United States,California,37.4135,-122.1312
3/8/13 3:54,groucho-us-east,1680561056,TCP,,63801,80,100.43.83.160,United States,California,37.4135,-122.1312
3/8/13 3:58,groucho-sydney,1346457170,ICMP,8,,,80.65.78.82,Bosnia and Herzegovina,Federation of Bosnia and Herzegovina,43.85,18.3833
3/8/13 3:58,groucho-sydney,1346457170,ICMP,8,,,80.65.78.82,Bosnia and Herzegovina,Federation of Bosnia and Herzegovina,43.85,18.3833
3/8/13 3:58,groucho-singapore,1317115153,TCP,,49958,80,78.129.149.17,United Kingdom,,51.5,-0.13
3/8/13 3:58,groucho-singapore,1317115153,TCP,,49958,80,78.129.149.17,United Kingdom,,51.5,-0.13
3/8/13 3:58,groucho-singapore,1317115153,TCP,,49958,80,78.129.149.17,United Kingdom,,51.5,-0.13
3/8/13 4:00,groucho-sa,1033063105,ICMP,3,,,61.147.74.193,China,Jiangsu Sheng,32.0617,118.7778
3/8/13 4:00,groucho-tokyo,1287510019,TCP,,4178,445,76.189.216.3,United States,Ohio,41.5584,-81.4756
3/8/13 4:00,groucho-tokyo,1287510019,TCP,,4178,445,76.189.216.3,United States,Ohio,41.5584,-81.4756
3/8/13 4:02,groucho-tokyo,1878887614,TCP,,4784,445,111.253.140.190,Taiwan,Taipei,25.0392,121.525
3/8/13 4:02,groucho-tokyo,1878887614,TCP,,4784,445,111.253.140.190,Taiwan,Taipei,25.0392,121.525
3/8/13 4:07,groucho-singapore,1033070415,TCP,,6000,1433,61.147.103.79,China,Jiangsu Sheng,32.0617,118.7778
3/8/13 4:08,groucho-oregon,608471052,ICMP,8,,,36.68.136.12,Indonesia,,-5,120
3/8/13 4:08,groucho-oregon,608471052,ICMP,8,,,36.68.136.12,Indonesia,,-5,120
3/8/13 4:09,groucho-tokyo,707827980,TCP,,43753,8080,42.48.153.12,China,Hunan,28.1792,113.1136
3/8/13 4:12,groucho-singapore,1896596178,TCP,,6000,1433,113.11.194.210,China,Beijing Shi,39.9289,116.3883
3/8/13 4:14,groucho-tokyo,1033611323,TCP,,6000,3306,61.155.168.59,China,Jiangsu Sheng,32.0617,118.7778
3/8/13 4:14,groucho-singapore,2061591854,TCP,,6000,1521,122.225.101.46,China,Zhejiang Sheng,30.2936,120.1614
3/8/13 4:15,groucho-tokyo,1017974347,TCP,,6000,8080,60.173.14.75,China,Anhui Sheng,31.8639,117.2808
3/8/13 4:15,groucho-us-east,1680561056,TCP,,11114,80,100.43.83.160,United States,California,37.4135,-122.1312
3/8/13 4:15,groucho-us-east,1680561056,TCP,,11114,80,100.43.83.160,United States,California,37.4135,-122.1312
3/8/13 4:20,groucho-oregon,2047555529,TCP,,6000,1433,122.11.55.201,China,Beijing Shi,39.9289,116.3883
3/8/13 4:20,zeppo-norcal,3699993044,UDP,,44419,31522,220.137.105.212,Taiwan,Taipei,25.0392,121.525
3/8/13 4:20,zeppo-norcal,3699993044,UDP,,44419,31522,220.137.105.212,Taiwan,Taipei,25.0392,121.525
3/8/13 4:20,zeppo-norcal,3699993044,UDP,,44419,31522,220.137.105.212,Taiwan,Taipei,25.0392,121.525
3/8/13 4:20,zeppo-norcal,3699993044,UDP,,44419,31522,220.137.105.212,Taiwan,Taipei,25.0392,121.525
3/8/13 4:21,zeppo-norcal,3699993044,UDP,,44419,31522,220.137.105.212,Taiwan,Taipei,25.0392,121.525
3/8/13 4:21,zeppo-norcal,3699993044,UDP,,44419,31522,220.137.105.212,Taiwan,Taipei,25.0392,121.525
3/8/13 4:21,groucho-norcal,1033063105,ICMP,3,,,61.147.74.193,China,Jiangsu Sheng,32.0617,118.7778
3/8/13 4:22,zeppo-norcal,3699993044,UDP,,44419,31522,220.137.105.212,Taiwan,Taipei,25.0392,121.525
3/8/13 4:26,groucho-singapore,2046969190,TCP,,50280,23,122.2.69.102,Philippines,Province of Mindoro Occidental,13.0012,120.796
3/8/13 4:28,groucho-singapore,3322765372,TCP,,6000,1433,198.13.96.60,United States,California,34.0115,-117.8535
3/8/13 4:29,groucho-sa,2079743101,ICMP,8,,,123.246.92.125,China,Liaoning,41.7922,123.4328
3/8/13 4:29,groucho-sa,2079743101,ICMP,8,,,123.246.92.125,China,Liaoning,41.7922,123.4328
3/8/13 4:30,groucho-singapore,1891893722,TCP,,13238,3389,112.196.1.218,India,Union Territory of Chandigarh,30.7343,76.7933
3/8/13 4:31,groucho-tokyo,3322765372,TCP,,6000,1433,198.13.96.60,United States,California,34.0115,-117.8535
3/8/13 4:33,groucho-singapore,976822298,TCP,,10885,3389,58.57.32.26,China,Shandong Sheng,36.6683,116.9972
3/8/13 4:33,groucho-singapore,2054428821,TCP,,1439,23,122.116.24.149,Taiwan,Taipei,25.0392,121.525
3/8/13 4:34,groucho-oregon,1823211221,TCP,,6000,1433,108.171.254.213,United States,California,34.0115,-117.8535
3/8/13 4:34,zeppo-norcal,92767865,TCP,,54409,5904,5.135.134.121,France,,48.86,2.35
3/8/13 4:38,groucho-oregon,3736745005,TCP,,6000,1433,222.186.52.45,China,Jiangsu Sheng,32.0617,118.7778
3/8/13 4:38,groucho-sa,2587249421,ICMP,11,,,154.54.75.13,United States,,38,-97
3/8/13 4:38,groucho-singapore,2180647413,ICMP,11,,,129.250.9.245,United States,Colorado,39.6237,-104.8738
3/8/13 4:39,groucho-singapore,1033070453,TCP,,6000,1433,61.147.103.117,China,Jiangsu Sheng,32.0617,118.7778
3/8/13 4:41,groucho-oregon,1032051418,TCP,,6000,1433,61.131.218.218,China,Jiangxi Sheng,28.55,115.9333
3/8/13 4:42,groucho-oregon,3235001155,TCP,,6000,1433,192.210.51.67,United States,California,34.0115,-117.8535
3/8/13 4:42,zeppo-norcal,465833069,TCP,,11048,23,27.196.12.109,China,Shandong Sheng,36.6683,116.9972
3/8/13 4:41,groucho-norcal,465833069,TCP,,11543,23,27.196.12.109,China,Shandong Sheng,36.6683,116.9972
3/8/13 4:43,groucho-oregon,1823210260,TCP,,6000,1433,108.171.251.20,United States,California,34.0115,-117.8535
3/8/13 4:43,groucho-singapore,3736743325,TCP,,6000,6666,222.186.45.157,China,Jiangsu Sheng,32.0617,118.7778
3/8/13 4:45,groucho-oregon,3322765342,TCP,,6000,1433,198.13.96.30,United States,California,34.0115,-117.8535
3/8/13 4:45,groucho-sydney,3285958788,TCP,,20107,8080,195.219.192.132,,,47,8
3/8/13 4:46,groucho-oregon,3322768888,TCP,,6000,1433,198.13.109.248,United States,California,34.0115,-117.8535
3/8/13 4:48,groucho-oregon,3740374668,TCP,,63175,1433,222.241.150.140,China,Hunan,28.1792,113.1136
3/8/13 4:50,groucho-sa,3024879886,ICMP,8,,,180.76.1.14,China,Beijing Shi,39.9289,116.3883
3/8/13 4:50,groucho-sa,3024879886,ICMP,8,,,180.76.1.14,China,Beijing Shi,39.9289,116.3883
3/8/13 4:50,groucho-tokyo,1896596178,TCP,,6000,1433,113.11.194.210,China,Beijing Shi,39.9289,116.3883
3/8/13 4:50,groucho-sa,3024879886,ICMP,8,,,180.76.1.14,China,Beijing Shi,39.9289,116.3883
3/8/13 4:50,groucho-sa,3024879886,ICMP,8,,,180.76.1.14,China,Beijing Shi,39.9289,116.3883
3/8/13 4:50,groucho-norcal,3265958913,TCP,,20563,445,194.170.148.1,United Arab Emirates,,24,54
3/8/13 4:50,zeppo-norcal,3024879886,ICMP,8,,,180.76.1.14,China,Beijing Shi,39.9289,116.3883
3/8/13 4:50,groucho-norcal,3024879886,ICMP,8,,,180.76.1.14,China,Beijing Shi,39.9289,116.3883
3/8/13 4:50,groucho-norcal,3024879886,ICMP,8,,,180.76.1.14,China,Beijing Shi,39.9289,116.3883
3/8/13 4:50,zeppo-norcal,3024879886,ICMP,8,,,180.76.1.14,China,Beijing Shi,39.9289,116.3883
3/8/13 4:51,groucho-singapore,1900641303,TCP,,8888,1433,113.73.124.23,China,Guangdong,23.1167,113.25
3/8/13 4:51,groucho-singapore,1900641303,TCP,,8888,3306,113.73.124.23,China,Guangdong,23.1167,113.25
3/8/13 4:51,groucho-singapore,1900641303,TCP,,8888,6674,113.73.124.23,China,Guangdong,23.1167,113.25
3/8/13 4:50,groucho-norcal,3024879886,ICMP,8,,,180.76.1.14,China,Beijing Shi,39.9289,116.3883
3/8/13 4:50,groucho-norcal,3024879886,ICMP,8,,,180.76.1.14,China,Beijing Shi,39.9289,116.3883
3/8/13 4:51,groucho-us-east,3024879886,ICMP,8,,,180.76.1.14,China,Beijing Shi,39.9289,116.3883
3/8/13 4:51,groucho-us-east,3024879886,ICMP,8,,,180.76.1.14,China,Beijing Shi,39.9289,116.3883
3/8/13 4:51,groucho-us-east,3024879886,ICMP,8,,,180.76.1.14,China,Beijing Shi,39.9289,116.3883
3/8/13 4:51,groucho-us-east,3024879886,ICMP,8,,,180.76.1.14,China,Beijing Shi,39.9289,116.3883
3/8/13 4:51,groucho-eu,3024879886,ICMP,8,,,180.76.1.14,China,Beijing Shi,39.9289,116.3883
3/8/13 4:51,groucho-eu,3024879886,ICMP,8,,,180.76.1.14,China,Beijing Shi,39.9289,116.3883
3/8/13 4:52,groucho-eu,3024879886,ICMP,8,,,180.76.1.14,China,Beijing Shi,39.9289,116.3883
3/8/13 4:52,groucho-eu,3024879886,ICMP,8,,,180.76.1.14,China,Beijing Shi,39.9289,116.3883
3/8/13 4:52,groucho-sydney,3024879886,ICMP,8,,,180.76.1.14,China,Beijing Shi,39.9289,116.3883
3/8/13 4:52,groucho-sydney,3024879886,ICMP,8,,,180.76.1.14,China,Beijing Shi,39.9289,116.3883
3/8/13 4:52,groucho-sydney,3024879886,ICMP,8,,,180.76.1.14,China,Beijing Shi,39.9289,116.3883
3/8/13 4:52,groucho-sydney,3024879886,ICMP,8,,,180.76.1.14,China,Beijing Shi,39.9289,116.3883
3/8/13 4:53,groucho-tokyo,2944930059,TCP,,42886,23,175.136.17.11,Malaysia,Kuala Lumpur,3.1667,101.7
3/8/13 4:56,groucho-tokyo,1962855951,TCP,,6000,3306,116.254.206.15,China,Beijing Shi,39.9289,116.3883
3/8/13 4:56,groucho-tokyo,3679576855,UDP,,28726,20029,219.81.227.23,Taiwan,Taipei,25.0392,121.525
3/8/13 4:56,groucho-tokyo,3679576855,UDP,,28726,20029,219.81.227.23,Taiwan,Taipei,25.0392,121.525
3/8/13 5:00,zeppo-norcal,3425533450,ICMP,3,,,204.45.126.10,United States,Colorado,39.7525,-104.9995
3/8/13 5:01,groucho-tokyo,3658020275,TCP,,6000,1433,218.8.245.179,China,Heilongjiang Sheng,45.75,126.65
3/8/13 5:01,groucho-sa,92767865,TCP,,54409,5904,5.135.134.121,France,,48.86,2.35
3/8/13 5:03,groucho-singapore,3729578419,TCP,,6000,65500,222.76.217.179,China,Fujian,24.4798,118.0819
3/8/13 5:10,groucho-norcal,3285958788,TCP,,20107,8080,195.219.192.132,,,47,8
3/8/13 5:11,groucho-singapore,1033070424,TCP,,6000,1433,61.147.103.88,China,Jiangsu Sheng,32.0617,118.7778
3/8/13 5:14,groucho-tokyo,710975177,TCP,,6000,3306,42.96.158.201,China,Beijing Shi,39.9289,116.3883
3/8/13 5:24,groucho-norcal,179181731,UDP,,67,68,10.174.24.163,,,,
3/8/13 5:27,groucho-oregon,3104750315,TCP,,25412,22,185.14.186.235,Netherlands,North Holland,52.35,4.9167
3/8/13 5:28,groucho-tokyo,1496007151,TCP,,2991,445,89.43.65.239,Romania,Judetul Calarasi,44.2,27.3333
3/8/13 5:28,groucho-tokyo,1496007151,TCP,,2991,445,89.43.65.239,Romania,Judetul Calarasi,44.2,27.3333
3/8/13 5:28,groucho-sydney,3346199287,ICMP,3,,,199.114.242.247,United States,California,37.567,-121.9829
3/8/13 5:29,groucho-oregon,3351289255,TCP,,6000,1433,199.192.157.167,United States,California,37.567,-121.9829
3/8/13 5:30,groucho-tokyo,1991904499,TCP,,6000,1433,118.186.12.243,China,Beijing Shi,39.9289,116.3883
3/8/13 5:30,groucho-singapore,2100181342,TCP,,6000,3306,125.46.57.94,China,Henan Sheng,34.6836,113.5325
3/8/13 5:31,groucho-tokyo,1017974347,TCP,,6000,8080,60.173.14.75,China,Anhui Sheng,31.8639,117.2808
3/8/13 5:31,groucho-singapore,3702892698,TCP,,6000,1433,220.181.168.154,China,Beijing Shi,39.9289,116.3883
3/8/13 5:33,groucho-singapore,3226516723,TCP,,6000,1433,192.80.188.243,United States,Nevada,36.0312,-115.0739
3/8/13 5:34,groucho-singapore,3672664440,TCP,,6000,1433,218.232.105.120,South Korea,Seoul,37.4906,127.02
3/8/13 5:34,groucho-oregon,3738747697,TCP,,6000,1433,222.216.195.49,China,Guangxi Zhuangzu Zizhiqu,22.8167,108.3167
3/8/13 5:35,groucho-singapore,1137094882,TCP,,6000,3389,67.198.176.226,United States,California,33.8138,-117.7986
3/8/13 5:37,groucho-oregon,1932472711,TCP,,6000,1433,115.47.49.135,China,Beijing Shi,39.9289,116.3883
3/8/13 5:38,groucho-oregon,1032051418,TCP,,6000,1433,61.131.218.218,China,Jiangxi Sheng,28.55,115.9333
3/8/13 5:40,groucho-oregon,1995743143,TCP,,6000,1433,118.244.159.167,China,Beijing Shi,39.9289,116.3883
3/8/13 5:41,groucho-tokyo,2875294255,ICMP,8,,,171.97.130.47,Thailand,Bangkok,13.754,100.5014
3/8/13 5:41,groucho-tokyo,2875294255,ICMP,8,,,171.97.130.47,Thailand,Bangkok,13.754,100.5014
3/8/13 5:42,groucho-us-east,3341848637,ICMP,8,,,199.48.144.61,United States,California,37.7749,-122.4194
3/8/13 5:52,groucho-tokyo,1995742035,TCP,,6000,3306,118.244.155.83,China,Beijing Shi,39.9289,116.3883
3/8/13 5:55,groucho-oregon,3736986836,TCP,,6000,1433,222.189.228.212,China,Jiangsu Sheng,32.0617,118.7778
3/8/13 5:56,groucho-eu,1565752718,TCP,,28153,3389,93.83.125.142,Austria,,47.3333,13.3333
3/8/13 5:57,groucho-singapore,1965684442,TCP,,2094,1433,117.41.246.218,China,Jiangxi Sheng,28.55,115.9333
3/8/13 5:58,groucho-oregon,1169129130,UDP,,45946,53,69.175.126.170,United States,Illinois,41.8876,-87.6368
3/8/13 5:58,groucho-singapore,2030783533,TCP,,6000,135,121.11.76.45,China,Guangdong,23.1167,113.25
3/8/13 5:58,groucho-tokyo,2027002106,TCP,,6000,3306,120.209.152.250,China,,35,105
3/8/13 5:59,groucho-oregon,3235002076,TCP,,6000,1433,192.210.54.220,United States,California,34.0115,-117.8535
3/8/13 6:06,groucho-tokyo,1884161019,TCP,,2424,445,112.78.3.251,Vietnam,,16,106
3/8/13 6:06,groucho-tokyo,1884161019,TCP,,2424,445,112.78.3.251,Vietnam,,16,106
3/8/13 6:09,groucho-eu,1169129130,UDP,,51501,53,69.175.126.170,United States,Illinois,41.8876,-87.6368
3/8/13 6:09,zeppo-norcal,1169129130,UDP,,51501,53,69.175.126.170,United States,Illinois,41.8876,-87.6368
3/8/13 6:11,groucho-sydney,922490936,ICMP,8,,,54.252.24.56,Australia,New South Wales,-33.8615,151.2055
3/8/13 6:11,groucho-sydney,922490936,ICMP,8,,,54.252.24.56,Australia,New South Wales,-33.8615,151.2055
3/8/13 6:11,groucho-sydney,922490936,TCP,,41698,80,54.252.24.56,Australia,New South Wales,-33.8615,151.2055
3/8/13 6:11,groucho-sydney,922490936,TCP,,59639,443,54.252.24.56,Australia,New South Wales,-33.8615,151.2055
3/8/13 6:11,groucho-singapore,3658020275,TCP,,6000,1433,218.8.245.179,China,Heilongjiang Sheng,45.75,126.65
3/8/13 6:11,groucho-norcal,1169129130,UDP,,51501,53,69.175.126.170,United States,Illinois,41.8876,-87.6368
3/8/13 6:12,groucho-sydney,1169129130,UDP,,51501,53,69.175.126.170,United States,Illinois,41.8876,-87.6368
3/8/13 6:12,groucho-sa,1169129130,UDP,,51501,53,69.175.126.170,United States,Illinois,41.8876,-87.6368
3/8/13 6:11,groucho-norcal,2048032663,UDP,,51413,40938,122.18.127.151,Japan,Tokyo-to,35.685,139.7514
3/8/13 6:11,groucho-norcal,2048032663,UDP,,51413,40938,122.18.127.151,Japan,Tokyo-to,35.685,139.7514
3/8/13 6:11,groucho-norcal,2048032663,UDP,,51413,40938,122.18.127.151,Japan,Tokyo-to,35.685,139.7514
3/8/13 6:11,groucho-norcal,2048032663,UDP,,51413,40938,122.18.127.151,Japan,Tokyo-to,35.685,139.7514
3/8/13 6:11,groucho-norcal,2048032663,UDP,,51413,40938,122.18.127.151,Japan,Tokyo-to,35.685,139.7514
3/8/13 6:11,groucho-norcal,2048032663,UDP,,51413,40938,122.18.127.151,Japan,Tokyo-to,35.685,139.7514
3/8/13 6:12,groucho-us-east,1169129130,UDP,,51501,53,69.175.126.170,United States,Illinois,41.8876,-87.6368
3/8/13 6:13,groucho-sydney,1035380760,TCP,,6000,1433,61.182.168.24,China,Hebei,36.5667,114.5333
3/8/13 6:13,groucho-sydney,3285958788,TCP,,20107,8080,195.219.192.132,,,47,8
3/8/13 6:13,groucho-oregon,1995736125,TCP,,6000,1433,118.244.132.61,China,Beijing Shi,39.9289,116.3883
3/8/13 6:14,groucho-oregon,3736735509,TCP,,6000,1433,222.186.15.21,China,Jiangsu Sheng,32.0617,118.7778
3/8/13 6:16,groucho-norcal,3265958913,TCP,,42264,445,194.170.148.1,United Arab Emirates,,24,54
3/8/13 6:18,groucho-sa,3231800325,TCP,,6000,3389,192.161.92.5,China,Jiangsu Sheng,32.4907,119.9081
3/8/13 6:19,groucho-singapore,1965683474,TCP,,6000,1433,117.41.243.18,China,Jiangxi Sheng,28.55,115.9333
3/8/13 6:19,groucho-norcal,3231800325,TCP,,6000,3389,192.161.92.5,China,Jiangsu Sheng,32.4907,119.9081
3/8/13 6:19,zeppo-norcal,3231800325,TCP,,6000,3389,192.161.92.5,China,Jiangsu Sheng,32.4907,119.9081
3/8/13 6:20,groucho-us-east,3231800325,TCP,,6000,3389,192.161.92.5,China,Jiangsu Sheng,32.4907,119.9081
3/8/13 6:21,groucho-tokyo,2030783533,TCP,,6000,135,121.11.76.45,China,Guangdong,23.1167,113.25
3/8/13 6:21,groucho-sydney,92767865,TCP,,54409,5904,5.135.134.121,France,,48.86,2.35
3/8/13 6:22,groucho-oregon,710975206,TCP,,6000,1433,42.96.158.230,China,Beijing Shi,39.9289,116.3883
3/8/13 6:23,groucho-oregon,3736986836,TCP,,6000,1433,222.189.228.212,China,Jiangsu Sheng,32.0617,118.7778
3/8/13 6:23,zeppo-norcal,3323217226,UDP,,13741,1900,198.20.69.74,United States,Illinois,41.8825,-87.6441
3/8/13 6:24,zeppo-norcal,92767865,TCP,,54409,5904,5.135.134.121,France,,48.86,2.35
3/8/13 6:26,groucho-singapore,710971255,TCP,,50543,3389,42.96.143.119,China,Beijing Shi,39.9289,116.3883
3/8/13 6:29,groucho-oregon,2074263713,TCP,,6000,4899,123.162.192.161,China,Henan Sheng,34.6836,113.5325
3/8/13 6:30,groucho-tokyo,1017974347,TCP,,6000,8080,60.173.14.75,China,Anhui Sheng,31.8639,117.2808
3/8/13 6:29,groucho-norcal,3351288789,ICMP,3,,,199.192.155.213,United States,California,37.567,-121.9829
3/8/13 6:33,groucho-oregon,1032051418,TCP,,6000,1433,61.131.218.218,China,Jiangxi Sheng,28.55,115.9333
3/8/13 6:34,groucho-oregon,2030978824,TCP,,6000,1433,121.14.71.8,China,Guangdong,23.1167,113.25
3/8/13 6:35,groucho-singapore,994690739,TCP,,6000,3128,59.73.198.179,China,,35,105
3/8/13 6:36,groucho-singapore,2097022771,TCP,,6000,1433,124.254.7.51,China,Beijing Shi,39.9289,116.3883
3/8/13 6:38,groucho-tokyo,2097022771,TCP,,6000,1433,124.254.7.51,China,Beijing Shi,39.9289,116.3883
3/8/13 6:39,zeppo-norcal,3550629683,TCP,,43876,5900,211.162.79.51,China,Beijing Shi,39.9289,116.3883
3/8/13 6:41,zeppo-norcal,3553515946,UDP,,16417,31522,211.206.89.170,South Korea,,37.57,126.98
3/8/13 6:41,groucho-singapore,1962906059,TCP,,6000,1433,116.255.145.203,China,Zhejiang Sheng,27.8456,120.4928
3/8/13 6:41,zeppo-norcal,3553515946,UDP,,16417,31522,211.206.89.170,South Korea,,37.57,126.98
3/8/13 6:43,groucho-sa,2078766582,TCP,,59730,3389,123.231.117.246,Sri Lanka,,7,81
3/8/13 6:43,groucho-sa,2078766582,TCP,,59730,3389,123.231.117.246,Sri Lanka,,7,81
3/8/13 6:43,groucho-sa,2078766582,TCP,,59730,3389,123.231.117.246,Sri Lanka,,7,81
3/8/13 6:43,groucho-singapore,1945022771,TCP,,6000,1433,115.238.177.51,China,Zhejiang Sheng,30.2936,120.1614
3/8/13 6:44,groucho-singapore,3658452560,TCP,,32094,3389,218.15.142.80,China,Guangdong,23.1167,113.25
3/8/13 6:46,groucho-tokyo,3351288789,ICMP,3,,,199.192.155.213,United States,California,37.567,-121.9829
3/8/13 6:47,groucho-oregon,3630406730,TCP,,6000,1433,216.99.156.74,United States,California,34.0115,-117.8535
3/8/13 6:49,groucho-norcal,1840929011,TCP,,45599,23,109.186.88.243,Israel,,31.5,34.75
3/8/13 6:50,zeppo-norcal,1840929011,TCP,,45425,23,109.186.88.243,Israel,,31.5,34.75
3/8/13 6:52,zeppo-norcal,3029498552,UDP,,30197,31522,180.146.122.184,Japan,Osaka-fu,34.6864,135.52
3/8/13 6:53,groucho-oregon,710970212,TCP,,6000,1433,42.96.139.100,China,Beijing Shi,39.9289,116.3883
3/8/13 6:53,zeppo-norcal,3029498552,UDP,,30197,31522,180.146.122.184,Japan,Osaka-fu,34.6864,135.52
3/8/13 6:53,zeppo-norcal,3029498552,UDP,,30197,31522,180.146.122.184,Japan,Osaka-fu,34.6864,135.52
3/8/13 6:54,zeppo-norcal,3029498552,UDP,,30197,31522,180.146.122.184,Japan,Osaka-fu,34.6864,135.52
3/8/13 6:54,zeppo-norcal,3029498552,UDP,,30197,31522,180.146.122.184,Japan,Osaka-fu,34.6864,135.52
3/8/13 6:54,zeppo-norcal,3029498552,UDP,,30197,31522,180.146.122.184,Japan,Osaka-fu,34.6864,135.52
3/8/13 6:54,zeppo-norcal,3029498552,UDP,,30197,31522,180.146.122.184,Japan,Osaka-fu,34.6864,135.52
3/8/13 6:54,zeppo-norcal,3029498552,UDP,,30197,31522,180.146.122.184,Japan,Osaka-fu,34.6864,135.52
3/8/13 6:55,groucho-oregon,840855810,TCP,,59753,23,50.30.113.2,United States,Kentucky,36.8736,-86.8749
3/8/13 6:57,groucho-norcal,2928324467,ICMP,3,,,174.138.175.115,United States,Arizona,33.4357,-111.9171
3/8/13 6:57,zeppo-norcal,1075239516,UDP,,58733,1434,64.22.218.92,United States,Iowa,41.5839,-93.6289
3/8/13 6:59,groucho-oregon,3351015082,TCP,,6000,1433,199.188.110.170,United States,California,37.3887,-122.0188
3/8/13 6:58,groucho-singapore,3164942861,TCP,,17981,22,188.165.50.13,France,,48.86,2.35
3/8/13 6:59,groucho-singapore,3702892700,TCP,,6000,1433,220.181.168.156,China,Beijing Shi,39.9289,116.3883
3/8/13 7:00,groucho-eu,3341848637,ICMP,8,,,199.48.144.61,United States,California,37.7749,-122.4194
3/8/13 7:02,groucho-tokyo,3344427193,TCP,,1871,3128,199.87.232.185,United States,California,34.053,-118.2642
3/8/13 7:02,groucho-tokyo,3344427193,TCP,,1872,8080,199.87.232.185,United States,California,34.053,-118.2642
3/8/13 7:02,groucho-tokyo,3344427193,TCP,,1871,3128,199.87.232.185,United States,California,34.053,-118.2642
3/8/13 7:02,groucho-tokyo,3344427193,TCP,,1872,8080,199.87.232.185,United States,California,34.053,-118.2642
3/8/13 7:03,groucho-oregon,1033070356,TCP,,6000,1433,61.147.103.20,China,Jiangsu Sheng,32.0617,118.7778
3/8/13 7:04,groucho-oregon,710975223,TCP,,6000,1433,42.96.158.247,China,Beijing Shi,39.9289,116.3883
3/8/13 7:07,groucho-tokyo,1900641303,TCP,,8888,3306,113.73.124.23,China,Guangdong,23.1167,113.25
3/8/13 7:07,groucho-tokyo,1900641303,TCP,,8888,1433,113.73.124.23,China,Guangdong,23.1167,113.25
3/8/13 7:07,groucho-tokyo,1900641303,TCP,,8888,8081,113.73.124.23,China,Guangdong,23.1167,113.25
3/8/13 7:08,groucho-tokyo,2068943217,TCP,,2901,445,123.81.145.113,China,Beijing Shi,39.9289,116.3883
3/8/13 7:08,groucho-tokyo,2068943217,TCP,,2901,445,123.81.145.113,China,Beijing Shi,39.9289,116.3883
3/8/13 7:08,groucho-tokyo,838335676,TCP,,6000,3389,49.247.252.188,South Korea,,37.57,126.98
3/8/13 7:08,groucho-oregon,712512501,TCP,,6000,1433,42.120.19.245,China,Zhejiang Sheng,30.2936,120.1614
3/8/13 7:10,groucho-singapore,92767865,TCP,,54409,5904,5.135.134.121,France,,48.86,2.35
3/8/13 7:10,groucho-norcal,3411578037,TCP,,3337,23,203.88.140.181,India,,20,77
3/8/13 7:11,zeppo-norcal,3411578037,TCP,,3230,23,203.88.140.181,India,,20,77
3/8/13 7:13,groucho-oregon,3736745005,TCP,,6000,1433,222.186.52.45,China,Jiangsu Sheng,32.0617,118.7778
3/8/13 7:14,groucho-oregon,3740374668,TCP,,62810,1433,222.241.150.140,China,Hunan,28.1792,113.1136
3/8/13 7:16,groucho-oregon,2095621031,TCP,,6000,1433,124.232.163.167,China,Hunan,28.1792,113.1136
3/8/13 7:19,groucho-sa,2030978824,TCP,,6000,1433,121.14.71.8,China,Guangdong,23.1167,113.25
3/8/13 7:19,zeppo-norcal,2030978824,TCP,,6000,1433,121.14.71.8,China,Guangdong,23.1167,113.25
3/8/13 7:18,groucho-norcal,2030978824,TCP,,6000,1433,121.14.71.8,China,Guangdong,23.1167,113.25
3/8/13 7:19,groucho-us-east,2030978824,TCP,,6000,1433,121.14.71.8,China,Guangdong,23.1167,113.25
3/8/13 7:20,groucho-eu,2030978824,TCP,,6000,1433,121.14.71.8,China,Guangdong,23.1167,113.25
3/8/13 7:20,groucho-tokyo,3285958788,TCP,,20107,8080,195.219.192.132,,,47,8
3/8/13 7:20,groucho-sydney,2030978824,TCP,,6000,1433,121.14.71.8,China,Guangdong,23.1167,113.25
3/8/13 7:23,groucho-oregon,840855810,TCP,,48452,23,50.30.113.2,United States,Kentucky,36.8736,-86.8749
3/8/13 7:24,groucho-oregon,2030726493,TCP,,6000,1433,121.10.109.93,China,Guangdong,23.1167,113.25
3/8/13 7:24,groucho-tokyo,3658452560,TCP,,46396,3389,218.15.142.80,China,Guangdong,23.1167,113.25
3/8/13 7:24,groucho-oregon,3322768888,TCP,,6000,1433,198.13.109.248,United States,California,34.0115,-117.8535
3/8/13 7:27,groucho-tokyo,3056912715,TCP,,3753,445,182.52.201.75,Thailand,,15,100
3/8/13 7:27,groucho-tokyo,3056912715,TCP,,3753,445,182.52.201.75,Thailand,,15,100
3/8/13 7:28,groucho-tokyo,1017974347,TCP,,6000,8080,60.173.14.75,China,Anhui Sheng,31.8639,117.2808
3/8/13 7:29,groucho-oregon,1032051418,TCP,,6000,1433,61.131.218.218,China,Jiangxi Sheng,28.55,115.9333
3/8/13 7:30,groucho-singapore,3683779656,TCP,,59852,3306,219.146.4.72,China,Shandong Sheng,36.1853,117.12
3/8/13 7:30,groucho-singapore,3683779656,TCP,,59888,6668,219.146.4.72,China,Shandong Sheng,36.1853,117.12
3/8/13 7:30,groucho-oregon,710974991,TCP,,7827,1433,42.96.158.15,China,Beijing Shi,39.9289,116.3883
3/8/13 7:31,groucho-eu,3722483078,TCP,,58313,3389,221.224.149.134,China,Jiangsu Sheng,32.0617,118.7778
3/8/13 7:31,groucho-eu,3722483078,TCP,,58313,3389,221.224.149.134,China,Jiangsu Sheng,32.0617,118.7778
3/8/13 7:31,groucho-eu,3722483078,TCP,,58313,3389,221.224.149.134,China,Jiangsu Sheng,32.0617,118.7778
3/8/13 7:33,groucho-oregon,1995749293,TCP,,6000,1433,118.244.183.173,China,Beijing Shi,39.9289,116.3883
3/8/13 7:35,groucho-us-east,1923313817,UDP,,57760,54521,114.163.112.153,Japan,Tokyo-to,35.685,139.7514
3/8/13 7:35,groucho-us-east,1923313817,UDP,,57760,54521,114.163.112.153,Japan,Tokyo-to,35.685,139.7514
3/8/13 7:35,groucho-us-east,1923313817,UDP,,57760,54521,114.163.112.153,Japan,Tokyo-to,35.685,139.7514
3/8/13 7:35,groucho-us-east,1923313817,UDP,,57760,54521,114.163.112.153,Japan,Tokyo-to,35.685,139.7514
3/8/13 7:35,groucho-us-east,1923313817,UDP,,57760,54521,114.163.112.153,Japan,Tokyo-to,35.685,139.7514
3/8/13 7:36,groucho-us-east,1923313817,UDP,,57760,54521,114.163.112.153,Japan,Tokyo-to,35.685,139.7514
3/8/13 7:36,groucho-singapore,3342555165,ICMP,0,,,199.59.88.29,United States,Michigan,42.5065,-83.3491
